id,event_category,landing_page,url_slug,seo_title,seo_description,event_emoji,hero_title,hero_video,hero_subtitle,hero_description,h1_title,h1_content,h1_image_naam,h1_image_alt,wat_is_title,wat_is_beschrijving,wat_is_image,wat_is_image_alt,rating_sportclubs,rating_scholen,rating_bedrijven,rating_non_profit,seo_content_1_title,seo_content_1_text,image_1,seo_content_2_title,seo_content_2_text,image_2,seo_content_3_title,seo_content_3_text,image_3,seo_content_4_title,seo_content_4_text,image_4,seo_content_5_title,seo_content_5_text,image_5,faq_1_vraag,faq_1_antwoord,faq_2_vraag,faq_2_antwoord,faq_3_vraag,faq_3_antwoord,faq_4_vraag,faq_4_antwoord,faq_5_vraag,faq_5_antwoord,gerelateerd_1_naam,gerelateerd_2_naam,gerelateerd_3_naam,sort_order
1,GAMING,FIFA Toernooi,fifa-toernooi-organiseren,FIFA Toernooi Organiseren | Complete Ontzorging | WePlayUnited,FIFA toernooi organiseren? WePlayUnited verzorgt complete organisatie met FIFA toernooi schema en begeleiding. Vraag vrijblijvend offerte aan!,üèÜ,FIFA toernooi organiseren,fifa_toernooi_hero.mp4,Verenig voetballiefhebbers en gamers voor een onvergetelijke ervaring,"Een FIFA toernooi is d√© manier om voetballiefhebbers en gamers samen te brengen voor een onvergetelijke ervaring. Bij WePlayUnited nemen we de volledige organisatie uit handen, zodat jij kunt genieten van een professioneel en vlekkeloos evenement. Wij ontzorgen jou volledig, verbinden mensen via gaming en organiseren op iedere locatie in Nederland, Belgi√´ en Duitsland.",FIFA toernooi,"Een FIFA toernooi organiseren brengt voetballiefhebbers en gamers samen voor een unieke en leuke ervaring. Het spelen van FIFA is een van de grootste hobby's van jeugd en jongeren, waardoor veel leden van jouw voetbalclub een gezamenlijke interesse delen. WePlayUnited biedt complete ontzorging met professionele apparatuur, flexibele locaties en gepersonaliseerde pakketten. Door FIFA toernooien te organiseren breng je leden samen in het clubhuis en draag je bij aan het binden en behouden van (jeugd)leden.",https://drive.google.com/file/d/1Hd0k5FKYB9ckrbF4_-dA9HfGy0tw-Xew/view?usp=sharing,Voetbalclub organiseert FIFA toernooi met professionele gaming setup,Waarom een FIFA toernooi organiseren?,"Een FIFA toernooi is een interactieve gaming-ervaring waarbij teams tegen elkaar strijden in de populaire voetbalgame FIFA. Het spelen van FIFA is een van de grootste hobby's van jeugd en jongeren. Het grote voordeel: veel leden van jouw sportvereniging delen ‚Äì naast voetballen op het veld ‚Äì een gezamenlijke interesse. Vaak speel je FIFA thuis in je eentje, maar daar brengen wij verandering in. Door FIFA toernooien te organiseren brengen we leden juist samen in het clubhuis. FIFA toernooien zijn geschikt voor voetbalclubs die hun leden willen binden en behouden door middel van een sportieve en interactieve activiteit.",https://drive.google.com/file/d/1Dc6xbeQomp1gB4peQyXx8hreBWOe5v9w/view?usp=sharing,FIFA toernooi in voetbalclub met deelnemers en groot scherm,95,88,92,90,Hoe werkt een FIFA toernooi bij WePlayUnited?,"FIFA toernooi organiseren wordt eenvoudig met WePlayUnited. Geen geklooi meer met Excel bestandjes. Wij zorgen voor een persoonlijke inschrijfomgeving waarin leden zich makkelijk kunnen aanmelden voor het FIFA toernooi. Daarbovenop krijg je van ons promotiemateriaal om het FIFA toernooi moeiteloos onder de aandacht te brengen. Nadat onze eventmanager de regels heeft uitgelegd, starten we met het FIFA toernooi. We verdelen de deelnemers in verschillende poules, zodat iedereen minimaal drie wedstrijden speelt. Het FIFA toernooi schema tonen we op een groot scherm, zodat de deelnemers op de hoogte blijven van de meest recente tussenstand. De beste spelers plaatsen zich voor de volgende ronde tijdens het FIFA toernooi, terwijl afvallers kunnen blijven gamen op vrijgekomen PlayStations. Tijdens het FIFA toernooi komen er verschillende PlayStations vrij waarop de afvallers kunnen gamen, zo blijft iedereen tot het einde betrokken. Onder luid gejuich mogen de finalisten van het FIFA toernooi beslissen wie zich de beste speler mag noemen. Deze titel geldt voor √©√©n jaar, want in het volgende seizoen willen we uiteraard weer een FIFA toernooi organiseren. Het FIFA toernooi schema zorgt ervoor dat alle deelnemers weten wanneer ze aan de beurt zijn en kunnen meekijken naar andere wedstrijden.",fifa_toernooi_schema_scherm.jpg,FIFA toernooi organiseren op elke locatie,"Met WePlay United kun je een FIFA toernooi organiseren op elke locatie in Nederland, Belgi√´ en Duitsland. Wat betekent dit voor jou bij het FIFA toernooi organiseren? Jij hoeft je alleen te focussen op het regelen van een geschikte ruimte, tafels, stoelen. Een clubhuis/kantine, gymzaal of evenementenlocatie voor je FIFA toernooi? Geen probleem. We organiseren FIFA toernooien zelfs buiten, mits onze gamecases overdekt zijn. Onze eventmanager bouwt alles op- en af en begeleidt het FIFA toernooi, zodat jij lekker met een drankje aan de bar kan staan. Jij wijst de stopcontacten aan, wij doen de rest bij het FIFA toernooi organiseren! Het FIFA toernooi organiseren wordt hierdoor flexibel en stressvrij voor jouw voetbalclub. Of je nu een FIFA toernooi wilt organiseren in een kleine ruimte of grote hal, wij passen ons aan. Het FIFA toernooi schema past zich automatisch aan de beschikbare ruimte en tijd aan. Dankzij onze ervaring met FIFA toernooien op verschillende locaties weten we precies hoe we jouw ruimte optimaal kunnen benutten voor het FIFA toernooi.",fifa_toernooi_locatie_opbouw.jpg,Onze FIFA toernooien: pakketten en prijzen,"Bij het FIFA toernooi organiseren krijg je altijd professionele apparatuur, complete begeleiding en een FIFA toernooi schema van WePlayUnited. FIFA toernooi standaard: We spelen een FIFA toernooi in 2,5 uur waarbij 10-40 deelnemers mee kunnen doen. Dit FIFA toernooi wordt op-/afgebouwd en begeleid door 1 eventmanager voor ‚Ç¨599 excl. BTW. Het FIFA toernooi is ideaal voor kleinere voetbalverenigingen die een FIFA toernooi willen organiseren. FIFA toernooi uitgebreid: Dit FIFA toernooi past goed bij grotere voetbalverenigingen die een FIFA toernooi organiseren, omdat hier 10-80 deelnemers aan mee kunnen doen. We werken het FIFA toernooi schema af in maximaal 3,5 uur voor ‚Ç¨799 excl. BTW. Omdat er meer deelnemers mee kunnen doen aan dit FIFA toernooi, begeleiden we het FIFA toernooi met 2 eventmanagers. Vrijspelen: Wil je een FIFA toernooi organiseren met collega's? Dit FIFA toernooi event is gericht op bedrijven. We spelen in 3 uur een FIFA toernooi, maar je kunt ook kiezen voor andere games zoals Trackmania en Fortnite. Om het FIFA toernooi evenement extra beleving te geven, bestickeren we de gamecases in jullie huisstijl voor ‚Ç¨1099 excl. BTW. Alle FIFA toernooi pakketten bevatten 10x PS5 en 32"" full HD TV's, PR-kit, toernooisoftware en professionele begeleiding.",fifa_toernooi_pakketten_overzicht.jpg,Professionele begeleiding en spelbegeleiding,"Bij het FIFA toernooi organiseren krijg je professionele begeleiding van WePlayUnited. Onze eventmanager is uiterlijk 45 minuten van tevoren aanwezig op locatie voor je FIFA toernooi. Voor vertrek belt hij om de laatste details van het FIFA toernooi te bespreken. Dankzij onze gamecases toveren we jouw locatie binnen no time om tot een echte game arena voor het FIFA toernooi. Wij zorgen voor de complete op- en afbouw, voor de FIFA toernooi begeleiding en technische ondersteuning. Omdat we al meer dan 10 jaar FIFA toernooien organiseren, weten onze eventmanagers precies wanneer ze voor orde moeten zorgen tijdens het FIFA toernooi en wanneer ze een lolletje kunnen maken met de deelnemers. Op die manier zorgen we voor een soepel verloop van het FIFA toernooi √©n een onvergetelijke ervaring voor jouw leden. De professionele begeleiding bij FIFA toernooi organiseren betekent dat er altijd iemand aanwezig is om technische problemen op te lossen en het FIFA toernooi schema bij te houden. Onze ervaring met FIFA toernooien zorgt ervoor dat we anticiperen op mogelijke uitdagingen en het FIFA toernooi soepel laten verlopen.",fifa_toernooi_begeleiding_eventmanager.jpg,FIFA toernooi boeken bij WePlayUnited,"Al jarenlang is het een succesformule: het FIFA toernooi organiseren bij voetbalverenigingen. En dat is ook niet zo gek, aangezien deze FIFA toernooi activiteit anders is dan een normale training maar wel met voetbal te maken heeft. Hierdoor is FIFA toernooi organiseren een goed middel om (jeugd)leden te binden aan jouw vereniging. WePlayUnited zorgt voor een gestroomlijnde organisatie en ondersteuning tijdens het hele FIFA toernooi. Het FIFA toernooi boeken bij WePlayUnited betekent dat je kiest voor jarenlange ervaring en bewezen expertise in FIFA toernooien. We hebben al honderden FIFA toernooien georganiseerd voor voetbalclubs door heel Nederland, Belgi√´ en Duitsland. Ons FIFA toernooi schema systeem zorgt ervoor dat alles vlekkeloos verloopt en alle deelnemers weten wanneer ze aan de beurt zijn. Of je nu een klein FIFA toernooi wilt organiseren voor 10 deelnemers of een groot FIFA toernooi voor 80 deelnemers, wij hebben de ervaring en apparatuur. Vraag nu een vrijblijvend voorstel aan voor jouw FIFA toernooi, wij helpen je graag met het organiseren van een onvergetelijk FIFA toernooi voor jouw voetbalclub!",fifa_toernooi_boeken_contact.jpg,Wat is FIFA?,"FIFA toernooien zijn evenementen waar spelers worden uitgedaagd om tegen elkaar te spelen en te laten zien wie de beste FIFA-speler is. Het uitgebreid FIFA toernooi biedt plek voor maximaal 80 deelnemers, terwijl het standaard FIFA toernooi geschikt is voor maximaal 40 deelnemers.",Wat zijn FIFA-toernooien?,"FIFA toernooien zijn evenementen waar spelers worden uitgedaagd om tegen elkaar te spelen en te laten zien wie de beste FIFA-speler is. Het uitgebreid FIFA toernooi biedt plek voor maximaal 80 deelnemers, terwijl het standaard FIFA toernooi geschikt is voor maximaal 40 deelnemers.",Wat zijn de belangrijke stappen bij het FIFA toernooi organiseren?,"Het bepalen van de regels, kiezen van de locatie en apparatuur, opstellen van een FIFA toernooi schema en promoten van het FIFA toernooi zijn belangrijke stappen. WePlayUnited neemt al deze stappen uit handen bij het FIFA toernooi organiseren.",Waar kunnen FIFA-toernooien plaatsvinden?,"FIFA toernooien kunnen op iedere locatie plaatsvinden in Nederland, Belgi√´ en Duitsland. Of het nu een clubhuis, gymzaal of evenementenlocatie is - WePlayUnited past het FIFA toernooi aan de locatie aan.",Wie organiseren FIFA toernooien?,"FIFA toernooien worden georganiseerd door voetbalclubs, sportclubs en andere organisaties. WePlayUnited specialiseert zich in het professioneel FIFA toernooi organiseren voor voetbalverenigingen en bedrijven.",Fortnite Toernooi,F1 Simulator,Just Dance,1
2,GAMING,PS5 Huren,ps5-huren,,,üéÆ,,,,,,,,,,,,,65,92,87,78,,,,,,,,,,,,,,,,,,,,,,,,,,,,,11
3,GAMING,Fortnite,fortnite-toernooi,,,‚õèÔ∏è,,,,,,,,,,,,,58,94,45,86,,,,,,,,,,,,,,,,,,,,,,,,,,,,,8
4,GAMING,Nintendo Switch,nintendo-switch-huren,,,üçÑ,,,,,,,,,,,,,82,90,86,85,,,,,,,,,,,,,,,,,,,,,,,,,,,,,10
5,GAMING,Retro Games,retro-games-huren,,,üëæ,,,,,,,,,,,,,75,80,93,82,,,,,,,,,,,,,,,,,,,,,,,,,,,,,9
6,SIMULATIE,Formule 1,formule-1-simulator-huren,F1 Simulator Huren | Formule 1 Race Simulator Uitje | WePlay United,"Huur een professionele F1 simulator voor jouw bedrijfsfeest, beurs of schoolevent. ? Complete verzorging ? Heel Nederland ? Vanaf ‚Ç¨799. Vraag direct offerte aan!",üèéÔ∏è,Formule 1 simulator huren,f1-simulator-hero-video.mp4,Ervaar de ultieme race-sensatie op elke locatie,"Ben jij op zoek naar een leuke activiteit? Een Formule 1 simulator huren is d√© manier om spanning en entertainment te combineren. Vooral voor een bedrijfsfeest of schoolactiviteit is formule 1 simulatoren huren een goed idee. En omdat wij onze events organiseren op iedere locatie, kun je overal een f1 race simulator huren. Wij ontzorgen jou volledig, verbinden middels gaming en organiseren onze events op elke locatie in Nederland, Belgi√´ en Duitsland.",Formule 1 simulator huren,"Een Formule 1 simulator huren biedt de perfecte combinatie van spanning, technologie en competitie voor elk evenement. Of je nu een bedrijfsfeest organiseert, een beursactivatie plant of een schoolactiviteit zoekt die educatie en entertainment combineert, onze professionele F1 race simulatoren leveren een onvergetelijke ervaring. Met complete verzorging van opbouw tot begeleiding, maken wij jouw race simulator uitje tot een groot succes op elke gewenste locatie in Nederland.",https://drive.google.com/file/d/1qOnYop2VsH1JC5G7pQamRu60_YLeTeQO/view?usp=sharing,Professionele F1 simulator setup met racers in actie tijdens bedrijfsevent,Wat is een F1 race simulator?,"Een F1 race simulator, ook wel bekend als race sim, is een professionele gamestoel waardoor je echt het gevoel hebt dat je in een Formule 1 auto rijdt. Dit komt door de realistische houding, de pedalen en het authentieke F1 stuur. Of je nou een ervaren coureur bent of dit voor het eerst probeert, onze hoogwaardige apparatuur garandeert een speciale race-ervaring. Wij verzorgen alles wat je nodig hebt, van professionele opbouw tot aan deskundige spelbegeleiding en volledige technische ondersteuning. Een F1 race simulator huren was nog nooit zo eenvoudig!",https://drive.google.com/file/d/1d6mny58EfC15ikuFTmBAw9uTua5esd_l/view?usp=sharing,Close-up van professionele F1 race simulator met PlaySeat en 4K scherm,92,89,95,87,F1 simulator huren bij WePlay United,"Een groot voordeel van een f1 simulator huren is dat je dit op elke gewenste locatie kan doen. Dus heb je een eigen bedrijfspand of gymzaal waar je dit wil organiseren? Geen probleem, onze eventmanagers rijden met plezier jouw kant op en verzorgen de gehele op- en afbouw. Bij een race sim huren horen natuurlijk ook verschillende formats: kies je voor het rijden van de snelste ronde of wil je graag een kwalificatie met daarbij een echte Grand Prix? Of je nou op zoekt bent naar een activatie voor je beursstand of een leuke activiteit zoekt voor je bedrijfsfeest, met een Formule 1 simulator huren zit je altijd goed. Onze professionele PlaySeats, ultra HD 4K schermen van 40 inch en deskundige begeleiding zorgen voor een authentieke race-ervaring die je nergens anders vindt.",f1-simulator-setup-locatie.jpg,Pakketten en prijzen voor formule 1 simulator,"Wanneer je een Formule 1 simulator huurt bij WePlay United, kies je uit diverse pakketten die vari√´ren op basis van spelformats. Elk pakket bevat professionele F1 simulatoren, volledige op- en afbouw, deskundige begeleiding en technische ondersteuning. Vrije training (‚Ç¨799) biedt 2 PlaySeat F1 simulatoren voor 10-100 racers gedurende 3 uur vrijspelen. Het Tijdrit pakket (‚Ç¨999) bevat 4 simulatoren voor 20-200 deelnemers, waarbij we de snelste rondetijden bijhouden op een groot scherm. Ons meest complete Grand Prix pakket (‚Ç¨1499) omvat 6 F1 race simulatoren voor 24-96 racers met volledige raceleiding, kwalificatie en echte Grand Prix races in LAN-modus. Alle pakketten worden geleverd met ultra HD 4K schermen van 40 inch voor de meest realistische race-ervaring.",f1-simulator-pakketten.jpg,F1 simulator huren in jouw regio,"Waar je ook bent in Nederland, WePlay United maakt het mogelijk om een F1 simulator te huren. Van Amsterdam, Rotterdam en Utrecht tot kleinere steden en dorpen, onze race simulatoren kunnen overal worden opgebouwd. Op basis van jouw wensen geven wij een passend advies bij de verschillende formats, zodat iedereen kan genieten van een spectaculaire Formule 1-ervaring. Onze ervaren eventmanagers zorgen voor een naadloze opbouw en professionele begeleiding, ongeacht de locatie. Kies je voor gemak en flexibiliteit, dan kies je voor een Formule 1 simulator huren bij WePlay United. We organiseren succesvolle race simulator uitjes in heel Nederland, Belgi√´ en Duitsland.",f1-simulator-nederland-kaart.jpg,Voor welke gelegenheden is een F1 simulator geschikt,"Je kunt een f1 simulator huren voor verschillende soorten events. Beursactivatie: gebruik de race sims - compleet in jouw corporate branding - om op te vallen op de beurs en op een laagdrempelige manier in contact te komen met jouw ideale doelgroep. Voor Cikam, een autoriteit in de markt van geldverweking, realiseerden we meer dan 70 kwalitatieve leads op de Horecava. Bedrijfsfeesten: met een race simulator uitje wakker je een stukje competitiviteit en fanatisme aan bij jouw collega's. Bij het bedrijfsfeest van Intercept moesten we iemand tijdens het afbouwen van de laatste formule 1 simulator sturen. Scholen: een f1 race simulator huren tijdens een activiteitenweek is een leuk idee om educatie en plezier te combineren. De leerlingen van het Melanchthon college hebben het er nog steeds over! De F1 simulatoren zijn perfect voor teambuilding, recruitment events en elk evenement waar je spanning en technologie wilt combineren.",f1-simulator-gelegenheden.jpg,F1 simulator met eigen huisstijl en branding,"Wil je een f1 sim huren in de branding van jouw bedrijf? Geen probleem, wij hebben veel ervaring met het inzetten van een formule 1 activatie als marketingmiddel. Voor Bataviastad transformeerden wij een leeg winkelruimte tot een flitsende race arena volledig in de branding van de outlet. Het doel was simpel: zet de snelste rondtijd neer en win toffe prijzen. Om de belevenis compleet te maken konden liefhebbers een tastbaar aandenken mee naar huis nemen door in de photobooth een persoonlijke Formule 1 race kaart te maken. Onze F1 race simulatoren kunnen volledig worden aangepast met jouw logo's, kleuren en branding elements, waardoor ze perfect passen bij jouw corporate identity en marketingdoelstellingen.",f1-simulator-branding.jpg,Wat is een race simulator?,Een race simulator biedt de mogelijkheid om virtueel te racen en een realistische race-ervaring te beleven waarbij je het gevoel hebt dat je echt in een raceauto zit. Onze F1 simulatoren gebruiken professionele PlaySeats en ultra HD 4K schermen voor maximaal realisme.,Wat zijn de voordelen van het gebruik van sim racing?,"Het gebruik van een race sim biedt voordelen zoals het verbeteren van race-vaardigheden, de mogelijkheid om te oefenen en te trainen voor specifieke circuits en races en een realistische race-ervaring waarbij je volledig opgaat in het spel. Perfect voor teambuilding en entertainment.",Wat is een Formule 1 simulator?,"De Formule 1 simulator, ook wel formule 1 playseat genoemd, is een van de meest populaire race-simulatoren waarbij je de intense spanning van de Formule 1 kunt beleven. Complete met realistische pedalen, stuur en professionele racestoelen.",Welke voordelen biedt het huren van een playseat formule 1?,Het huren van een race simulator biedt de mogelijkheid om de intense race-ervaring te beleven zonder te hoeven investeren. Het huren van een simulator f1 is erg leuk tijdens een bedrijfsevent of vrijdagmiddagborrel en zorgt voor onvergetelijke momenten.,Hoe kan een formule 1 stoel worden gebruikt voor een personeelsuitje?,Een formule 1 stoel kan worden gebruikt voor een leuk en uitdagend personeelsuitje waarbij het race-talent van je collega's kan worden getest en de sfeer van een echte race-ervaring kan worden gecre√´erd. Racen op F1 simulatoren is geschikt als hoofdactiviteit maar ook als side event in combinatie met lasergamen en Virtual Reality experiences.,FIFA Toernooi,Lasergamen,Virtual Reality,2
7,SIMULATIE,Farming Simulator,farming-simulator-huren,,,üöú,,,,,,,,,,,,,52,78,78,75,,,,,,,,,,,,,,,,,,,,,,,,,,,,,15
8,SIMULATIE,Flight Simulator,flight-simulator-huren,,,‚úàÔ∏è,,,,,,,,,,,,,62,82,84,72,,,,,,,,,,,,,,,,,,,,,,,,,,,,,14
9,EXERGAMING,Just Dance,just-dance-huren,,,üíÉ,,,,,,,,,,,,,96,94,87,92,,,,,,,,,,,,,,,,,,,,,,,,,,,,,7
10,EXERGAMING,VR,vr-bril-huren,VR Bril Huren | Virtual Reality Brillen op Locatie | WePlay United,"Huur professionele VR brillen voor jouw event, workshop of kinderfeestje. ? Meta Quest 3 ? Begeleiding ? Heel Nederland ? Vanaf ‚Ç¨399. Vraag direct offerte aan!",ü•Ω,VR bril huren,vr-bril-hero-video.mp4,Ervaar de fascinerende wereld van Virtual Reality,"Ben jij op zoek naar een innovatieve activiteit die niemand snel vergeet? Met VR bril huren ervaar je de nieuwste technologie. Vooral voor bedrijfsevents, workshops of schoolactiviteiten is vr huren enorm populair. En omdat wij onze events op iedere locatie organiseren, kun je overal een virtual reality bril huren. Wij ontzorgen jou volledig, verbinden middels gaming en organiseren onze events op elke locatie in Nederland, Belgi√´ en Duitsland.",VR bril huren,"Virtual reality bril huren opent de deur naar onbegrensde mogelijkheden voor elk evenement. Of je nu een educatieve workshop organiseert, een teambuilding sessie plant of een uniek kinderfeestje wilt cre√´ren, onze professionele VR brillen leveren een onvergetelijke ervaring. Met onze Meta Quest 3 headsets, professionele begeleiding en volledige verzorging van opbouw tot ondersteuning, transformeren wij elke locatie tot een fascinerende virtual reality wereld waar technologie en entertainment samenkomen.",https://drive.google.com/file/d/1VOr5f-RcnqY_45hvJuvSyFmlWK7zOogY/view?usp=sharing,Groep mensen ervaart Virtual Reality met Meta Quest 3 brillen tijdens teambuilding event,Waarom een VR bril huren bij WePlay United?,"Een groot voordeel van virtual reality huren bij ons is dat we het zo makkelijk mogelijk maken. Bij een vr bril huren zijn diverse populaire games zoals Beat Saber en Among Us ge√Ønstalleerd. Je kunt de brillen gemakkelijk instellen met onze handleiding, zodat je snel kunt beginnen met spelen. Onze eventmanagers bouwen op- en af en denken graag met je mee over de beste VR-ervaring voor jouw event. We leveren hoogwaardige Meta Quest 3 brillen met professionele ondersteuning en zorgen voor een naadloze virtual reality ervaring op elke gewenste locatie.",https://drive.google.com/file/d/1dIPBCUu5DyyK7AGDhmW7M_n75A7mye2D/view?usp=sharing,Professionele VR bril setup met Meta Quest 3 en begeleiding van WePlay United eventmanager,88,94,91,85,Pakketten en prijzen voor VR bril huren,"Bij VR set huren bieden we verschillende pakketten aan, afhankelijk van de groepsgrootte en specifieke wensen. Elk vr huren pakket omvat de huur van materiaal, op- en afbouw door een eventmanager en een standaard PR-kit om het VR event te promoten. VR bril huren: 2 uur speeltijd, geschikt voor 5 tot 40 deelnemers, met 5x vr bril (Meta Quest 3), verschillende VR games en uitlegkaarten voor ‚Ç¨399 excl. BTW. VR bril huren met begeleiding: 2 uur speeltijd, geschikt voor 6 tot 24 deelnemers, met 5x vr bril (Meta Quest 3), verschillende VR games en inclusief spelbegeleiding door onze eventmanager voor ‚Ç¨799 excl. BTW. VR Workshop: volledig verzorgde workshop van 4 uur voor tussen de 6 en 12 personen voor ‚Ç¨899 excl. BTW. Kies voor het thema werkgeluk, ondernemende mindset of creativiteit waarbij de inhoudelijke workshop gecombineerd wordt met Virtual Reality spellen gericht op samenwerking.",vr-bril-pakketten.jpg,Voor welke gelegenheden kun je een VR bril huren,VR op locatie is geschikt voor talloze gelegenheden. Zakelijke events: maak indruk met productdemonstraties op beurzen en cre√´er onvergetelijke ervaringen die bezoekers nog lang zullen herinneren. Educatieve activiteiten: breng lesstof tot leven met interactieve VR-ervaringen die leren en entertainment perfect combineren. Teambuilding: versterk de teamspirit met virtual reality huren door gezamenlijke VR activiteiten die samenwerking en communicatie stimuleren. Workshops: combineer inhoudelijke workshops met uitdagende VR games die gericht zijn op samenwerking en teamontwikkeling. VR brillen huren transformeert elke gelegenheid tot een innovatieve ervaring waarbij technologie en entertainment samensmelten tot iets bijzonders.,vr-bril-gelegenheden.jpg,VR bril huren voor evenementen,"VR huren op locatie maakt elk evenement bijzonder en onvergetelijk. Of het nu gaat om een beurs, congres of open dag ‚Äì met VR op locatie cre√´er je een blijvende indruk die deelnemers nog lang zullen herinneren. We leveren niet alleen de hoogwaardige Meta Quest 3 apparatuur, maar denken ook actief mee over de beste opstelling en professionele begeleiding voor jouw specifieke event. Onze ervaren eventmanagers zorgen ervoor dat de VR brillen optimaal worden ingezet, van de eerste demonstratie tot de laatste gebruiker. VR brillen huren voor evenementen betekent investeren in een unieke beleving die jouw event onderscheidt van alle andere.",vr-bril-evenementen.jpg,VR bril huren voor workshops en trainingen,"Voor een diepere en meer betekenisvolle ervaring bieden we VR op locatie met workshop aan. Naast het gebruik van professionele VR brillen en de aanwezigheid van een ervaren eventmanager, bevat dit pakket een professionele workshop gericht op teambuilding en samenwerking. VR op locatie met workshop is speciaal ontworpen om teamleden te laten samenwerken in uitdagende VR games zoals The Experiment en Keep Talking and Nobody Explodes. Het is perfect voor bedrijven die op zoek zijn naar een innovatieve manier om de samenwerking binnen hun team te versterken, communicatie te verbeteren en gezamenlijke doelen te bereiken door middel van virtual reality ervaringen.",vr-bril-workshops.jpg,VR bril huren voor kinderfeestjes,"Een VR bril huren voor een kinderfeestje? Dat wordt gegarandeerd een hit die alle kinderen zullen onthouden! Kinderen kunnen veilig experimenteren met spannende VR-games, creatieve toepassingen zoals 3D-tekenen of samen virtuele blokken kapot slaan in een volledig veilige omgeving. Met VR brillen huren voor een kinderfeestje letten we speciaal op de gebruiksvriendelijkheid en we zorgen voor leeftijdsgeschikte content die zowel leerzaam als vermakelijk is. Onze Meta Quest 3 brillen zijn perfect aangepast voor kinderen en onze begeleiders zorgen ervoor dat elk kind een magische virtual reality ervaring beleeft die het feestje tot een onvergetelijk evenement maakt.",vr-bril-kinderfeestjes.jpg,Wat is virtual reality huren?,"Virtual reality is een gesimuleerde ervaring die kan lijken op de echte wereld of een geheel andere wereld kan cre√´ren. Het is een technologie die je in een volledig andere omgeving plaatst door middel van een VR-bril. Je kunt rondlopen, objecten oppakken en interactie hebben met de virtuele omgeving alsof het echt is. Dit maakt VR huren de perfecte tool voor unieke en boeiende teambuilding activiteiten.",Wat is VR Experience?,VR Experience is de toekomst van entertainment en biedt een geheel nieuwe dimensie aan gaming. Het dompelt gebruikers onder in een virtuele wereld waar ze spannende avonturen kunnen beleven en unieke ervaringen kunnen opdoen met onze professionele Meta Quest 3 brillen.,Wat is een VR Room?,"Een VR Room biedt gebruikers de mogelijkheid om verschillende VR-ervaringen te beleven, zoals racen, schieten en vliegen. Omdat wij onze events op elke locatie organiseren, kunnen we van jouw kantoor, gymzaal of magazijn ook een VR Room maken met onze professionele VR brillen!",Waarom zou je een VR-bril huren?,Door een het huren van vr brillen kunnen gebruikers de wereld van VR-gaming ontdekken zonder hoge investeringen. Vr brillen huren is doorgaans goedkoper dan de brillen zelf aanschaffen en biedt toegang tot de nieuwste Meta Quest 3 technologie met professionele ondersteuning.,Is virtual reality huren interessant voor bedrijven?,"Zeker, het huren van vr brillen is een ideaal side event bij een groot bedrijfsevent. Dit kun je combineren met bijvoorbeeld lasergamen op kantoor en het racen van een Grand Prix op Formule 1 simulatoren. VR brillen huren cre√´ert een innovatieve en memorabele ervaring voor alle deelnemers.",F1 simulator,Lasergamen,FIFA Toernooi,4
11,ACTIEF,Lasergamen,lasergamen-huren,Lasergame Huren op Locatie | Laserguns Huren | WePlayUnited,"Lasergame huren op locatie? WePlayUnited verhuurt lasergame sets en laserguns voor bedrijven, scholen en kinderfeestjes. Vraag vrijblijvend offerte!",üî´,Lasergamen huren op locatie,lasergamen_hero.mp4,Spanning en plezier gecombineerd voor jong en oud,"Lasergamen is d√© activiteit die spanning en plezier combineert. Of je nou een bedrijfsfeest of een activiteitenweek bij een school organiseert, bij ons kun je eenvoudig lasergame huren. Wij organiseren onze events op iedere locatie. Het voordeel van lasergamen huren op locatie is dat het gewoon bij jou in het bedrijfspand of in de gymzaal kan. Naast laserguns huren, verzorgen wij ook de op- en afbouw en de spelbegeleiding.",Lasergame huren op locatie,"Lasergame huren op locatie is een spannende en unieke activiteit waarbij spelers elkaar met laserpistolen proberen te raken. WePlayUnited biedt flexibele lasergame verhuur met sets die geschikt zijn voor diverse locaties, zoals binnen, buiten of op je eigen locatie. Van professionele guns voor volwassenen tot aan kindvriendelijke pistolen voor kinderen, met lasergame huren op locatie toveren we jouw ruimte om tot een spannende arena. Door laserguns huren krijg je hoogwaardige apparatuur met professionele begeleiding voor een onvergetelijke ervaring.",https://drive.google.com/file/d/1s5MHRuLb18y7FYRIFlmpeHmzj_kXJafW/view?usp=sharing,Lasergame arena opgebouwd in gymzaal met obstakels en spelers in actie,Hoe werkt lasergamen op locatie?,"Ons lasergame huren op locatie concept is erg eenvoudig. Wij ontzorgen jou namelijk volledig: onze eventmanagers nemen alle spullen mee, verzorgen de op- en afbouw en begeleiden het event. Bij scholen gebruiken we matten, pionnen en verschillende gymtoestellen waarmee we een lasergame veld maken. Bij bedrijven nemen we opblaasobstakels mee waar je je achter kunt verschuilen. Lasergamen huren is dus zowel voor jong en oud een erg leuke activiteit. Het lasergame huren op locatie proces is volledig zorgeloos - van laserguns huren tot complete arena-opbouw.",https://drive.google.com/file/d/1uAHBcf9qJl2w6Deti8ohiG9ZqLqCgSM7/view?usp=sharing,Eventmanager bouwt lasergame arena op met obstakels en apparatuur,94,91,96,89,Voor wie is lasergamen geschikt?,"Lasergamen huren is een populaire activiteit die geschikt is voor diverse doelgroepen. Bedrijfsfeesten: versterk de teamgeest en stimuleer samenwerking met een spannend lasergame gevecht net zoals Rijkswaterstaat. Het lasergame huren voor bedrijfsuitjes zorgt voor teambuilding en competitieve samenwerking onder collega's. Scholen: Lasergame pistolen huren tijdens een project/activiteitenweek? De leerlingen van Yuverta hebben in ieder geval genoten en kijken uit naar volgend jaar. Laserguns huren voor scholen is perfect voor sportdagen, projectweken en groepsactiviteiten. Laserguns huren voor een kinderfeestje: hiermee scoort jouw kind direct punten bij zijn of haar vrienden. Lasergame huren kinderfeestje zorgt voor een spannende en veilige ervaring waarbij kinderen actief bezig zijn. Het huren lasergame is geschikt voor alle leeftijden en biedt een unieke ervaring die teamwork en communicatievaardigheden verbetert. Lasergame set huren geeft toegang tot verschillende spelformats zoals Team Deathmatch, Capture the Flag, en Zombie Apocalypse.",lasergamen_doelgroepen.jpg,Voor wie is lasergamen geschikt?,"De investering van laserguns huren verschilt per leeftijdsgroep, waarin we onderscheid maken tussen lasergame events voor kinderen t/m 12 jaar en voor volwassenen. Maar voor al onze lasergame huren pakketten geldt dat onze eventmanagers op iedere locatie komen, alle materialen mee nemen, op- en afbouwen en zorgen voor technische ondersteuning. Voor lasergame huren hebben we verschillende pakketten opgesteld waarbij we onderscheid maken op basis van leeftijd. Lasergamen huren (scholen en kinderfeestjes): Op- en afbouw, 10-40 deelnemers (= 12 jaar), 2 uur speeltijd (heats van 15 minuten), 10 laserguns, inclusief uitlegkaarten voor ‚Ç¨399 excl. BTW. Lasergamen begeleid (scholen en kinderfeestjes): Op- en afbouw, 20-80 deelnemers (= 12 jaar), 2 uur speeltijd, 20 laserguns, inclusief begeleiding door onze eventmanager voor ‚Ç¨699 excl. BTW. Lasergamen premium (bedrijven): Op- en afbouw, 20-80 deelnemers, 2 uur speeltijd, 20 professionele laserguns, inclusief begeleiding door onze eventmanagers voor ‚Ç¨2.999 excl. BTW. Alle pakketten voor lasergame huren op locatie bevatten complete op- en afbouw en technische ondersteuning. Uit ervaring weten we dat lasergame huren een goed middel is om mensen op een speelse manier te laten bewegen.",lasergamen_pakketten_prijzen.jpg,Lasergame huren in jouw regio,"Wij organiseren onze events in heel Nederland, Belgi√´ en Duitsland. Lasergame huren op locatie in Amsterdam, Utrecht of Rotterdam? Geen probleem! Maar je kunt ook laserguns huren in kleinere steden en dorpen. WePlayUnited biedt lasergame verhuur voor heel Nederland, waarbij we lasergame sets aanbieden die op elke gewenste locatie geleverd kunnen worden. Of het nu een tuin, park, gymzaal of bedrijfspand is - huren lasergame is overal mogelijk. Laserguns huren in jouw regio betekent altijd professionele service en snelle levering. Het lasergame huren op locatie voordeel is dat we flexibel zijn en ons aanpassen aan jouw specifieke locatie-eisen. Tip bij lasergame set huren: zorg voor een binnen locatie, zodat we het extra donker kunnen maken voor de beste lasergame ervaring. Lasergun huren is mogelijk in iedere stad of dorp, van grote steden tot kleinere gemeenschappen. Ons lasergame huren service gebied dekt heel Nederland, Belgi√´ en Duitsland voor maximale bereikbaarheid.",lasergamen_regio_kaart.jpg,Waarom lasergamen huren bij WePlayUnited,"Een lasergame set huren geeft een unieke ervaring voor jong en oud. In de afgelopen jaren hebben we verschillende events georganiseerd voor grote bedrijven en scholen zoals Rijkswaterstaat, Ron Gastrobar Groep, Melanchthon college en Yuverta. WePlayUnited biedt unieke voordelen bij het lasergame huren: complete ontzorging, professionele apparatuur, ervaren eventmanagers en flexibele locatie-opties. Het huren laserguns bij WePlayUnited betekent kwaliteit en betrouwbaarheid. Onze lasergame pistolen huren service omvat zowel kindvriendelijke als professionele apparatuur. Laserguns huren kinderfeestje wordt extra speciaal door onze ervaring met kinderactiviteiten. Het lasergame huren op locatie proces is volledig gestroomlijnd - van offerte tot uitvoering alles uit √©√©n hand. Huur lasergame set bij WePlayUnited en ervaar waarom we de voorkeur krijgen van grote organisaties. Lasergames huren betekent bij ons altijd professionele begeleiding, complete op- en afbouw en technische ondersteuning tijdens het hele event. Vraag nu een vrijblijvend voorstel en ontvang binnen 1 werkdag een bijpassend voorstel voor lasergame huren.",lasergamen_weplay_voordelen.jpg,Verschillende spelformats bij lasergamen huren,"Met ons lasergame huren krijg je toegang tot verschillende spannende spelformats. Team deathmatch bij laserguns huren: We verdelen de groep in twee teams met ieder een eigen basiskamp. Het doel is om de tegenstander zoveel mogelijk af te schieten zonder zelf geraakt te worden. Team domination tijdens lasergame set huren: Verover de domination box door erop te schieten en verzamel tijd. Het team dat als eerste 5 minuten 'domination tijd' bij elkaar speelt wint. Capture the flag bij huren lasergame: verover de digitale vlag van de tegenstander en breng deze naar jouw basiskamp zonder geraakt te worden. Counterstrike format tijdens lasergame huren op locatie: terroristen verstoppen een tikkende tijdbom, terwijl special forces deze moeten vinden en uitschakelen. Zombie Apocalypse bij lasergame pistolen huren: begin met √©√©n zombie per team, geraakt worden betekent zelf een zombie worden. Free-for-all tijdens laserguns huren: iedereen kan op elkaar schieten, individuele scores zijn leidend. Golden Gun variant bij lasergun huren: elk raakschot is direct een kill, perfecte sluipskills vereist. Alle spelformats zijn beschikbaar bij elk lasergame huren pakket.",lasergamen_spelformats.jpg,Wat is lasergamen?,Lasergamen is een spannend en avontuurlijk spel waarbij spelers elkaar met laserpistolen proberen te raken. Lasergame huren op locatie brengt deze ervaring naar jouw gewenste locatie.,Is lasergamen geschikt voor bedrijfsuitjes?,"Ja, lasergamen huren is een populaire activiteit voor bedrijfsuitjes. Het verbetert teamwork en communicatievaardigheden en biedt tegelijkertijd plezier. Laserguns huren voor bedrijven zorgt voor sterke teambuilding",Kun je lasergamen ook op scholen spelen?,"Ja, lasergame huren is geschikt voor scholen. Het is een unieke activiteit die teamwork en communicatievaardigheden verbetert terwijl studenten plezier hebben. Lasergame pistolen huren voor scholen is zeer populair.",Zijn er verschillende pakketten beschikbaar voor lasergamen?,"Ja, er zijn verschillende pakketten voor lasergame huren. Je kunt kiezen uit basis, begeleid en premium pakketten, afhankelijk van groepsgrootte en leeftijd bij het laserguns huren.",Is lasergamen geschikt voor alle leeftijden?,"Ja, lasergame set huren is geschikt voor alle leeftijden. Zowel kinderen als volwassenen kunnen genieten van deze spannende activiteit bij het huren lasergame.",VR Brillen,F1 Simulator,Bubble Voetbal,5
12,ACTIEF,Skill Games,fifa-skill-games,,,ü•Ö,,,,,,,,,,,,,94,74,68,77,,,,,,,,,,,,,,,,,,,,,,,,,,,,,13
13,ACTIEF,Bubbelvoetbal,bubbelvoetbal-huren,Bubbelvoetbal huren | Bubble voetbal voor elke gelegenheid | WePlayUnited,"Bubbelvoetbal huren voor bedrijfsuitjes, kinderfeestjes en teambuilding. Professionele begeleiding op elke locatie in Nederland. Boek nu je bubble voetbal event!",ü´ß,Bubbelvoetbal huren op locatie,bubbelvoetbal-intro-video.mp4,"Sport, entertainment en teambuilding in √©√©n","Ben jij op zoek naar een leuke activiteit die iedereen kan spelen? Bubbelvoetbal huren is d√© manier om sport en entertainment te combineren voor onvergetelijke groepsuitjes. Bubble voetbal combineert hilariteit met teamwork en is perfect voor bedrijfsuitjes, kinderfeestjes, schoolactiviteiten of gewoon een gezellige dag met vrienden. Bij WePlayUnited organiseren wij bubbelvoetbal op iedere locatie in Nederland, Belgi√´ en Duitsland, met professionele begeleiding en kindvriendelijke opties. Boek nu je bubbelvoetbal event en ervaar de perfecte mix van sport en plezier op elke gewenste locatie!",,,https://drive.google.com/file/d/1gyvTbBDrbpXvrteQlVnp5-2I6NCDrqBE/view?usp=sharing,Groep mensen die bubbelvoetbal speelt met grote transparante ballen op grasveld,,"Bubbelvoetbal is voetbal in een opblaasbare bal waar je tot je middel in zit. Door de grote bubbelbal om je heen kun je zonder risico tegen elkaar aan botsen, rollen en stuiteren ‚Äì en dat is precies wat het zo leuk maakt! Het enige wat je nodig hebt is een beetje energie en zin om te stuiteren. Of je nou sportief bent of niet, met een bubbel bal heeft iedereen evenveel kans om te winnen. Bubbel voetbal is geen offici√´le sport, maar een hilarische activiteit die perfect werkt voor teambuilding en gezellige groepsuitjes.",https://drive.google.com/file/d/1rA6IGQNN9Ps78AGaw1SRwZh7h65LUQr8/view?usp=sharing,,93,86,81,85,Waarom kiezen voor bubbelvoetbal huren?,"Bubbelvoetbal huren combineert sport met entertainment en is geschikt voor alle leeftijden en fitness niveaus. Door de beschermende bubbelbal kunnen deelnemers veilig botsen en rollen, wat zorgt voor veel lol en teambuilding tijdens je bubble voetbal event. Bubbel voetbal is de perfecte activiteit voor bedrijfsuitjes, kinderfeestjes, schoolactiviteiten en groepsuitjes. Een groot voordeel van bubbelvoetbal huren bij WePlayUnited is onze totale ontzorging en professionele aanpak. Wij verzorgen bubble voetbal op elke gewenste locatie - of je nu een eigen bedrijfspand, sporthal of buitenlocatie hebt. Onze ervaren eventmanagers rijden met plezier jouw kant op en verzorgen de gehele op- en afbouw van je bubbelbal event. Bij bubbelvoetbal huren krijg je altijd professioneel materiaal van hoge kwaliteit en uitlegkaarten met verschillende spellen. De bubbel voetbal ballen worden regelmatig gecontroleerd op veiligheid en zijn gemaakt van duurzaam, hoogwaardig materiaal. Of je nou sportief bent of niet, met een bubbelbal heeft iedereen evenveel kans om te winnen en plezier te hebben.",bubbelvoetbal-waarom-kiezen.jpg,Pakketten en prijzen voor bubbelvoetbal,"Wij bieden verschillende pakketten aan voor bubbelbal huren, speciaal afgestemd op de groepsgrootte en specifieke wensen van jouw event. Elk bubbelvoetbal pakket omvat altijd de huur van professioneel materiaal, volledige op- en afbouw door een ervaren eventmanager en uitlegkaarten voor verschillende bubble voetbal spellen. Ons Bubbel Voetbal Standaard pakket biedt 2 uur speeltijd voor 10 tot 20 deelnemers met 10x bubbelvoetbal en uitlegkaarten voor slechts ‚Ç¨349 excl. BTW. Voor grotere groepen hebben we het Bubbelvoetbal Begeleid pakket: 2 uur speeltijd voor 20 tot 40 deelnemers met professionele spelbegeleiding door onze eventmanager voor ‚Ç¨499 excl. BTW. Bij bubble voetbal huren krijg je altijd transparante prijzen zonder verborgen kosten. Alle bubble voetbal pakketten kunnen worden aangepast aan jouw specifieke wensen en locatie. Bubbel voetbal huren is een investering in teambuilding en onvergetelijke herinneringen voor je groep. Onze bubbelbal pakketten zijn perfect voor bedrijfsuitjes, verjaardagsfeesten en sportieve groepsactiviteiten.",bubbelvoetbal-pakketten-prijzen.jpg,Bubbelvoetbal in jouw regio - overal in Nederland,"WePlayUnited biedt bubbel voetbal amsterdam, bubbelvoetbal amsterdam en bubble voetbal amsterdam, maar wij komen letterlijk overal in Nederland! Van Rotterdam tot Utrecht, van Den Haag tot Eindhoven en van grote steden tot kleine dorpen - onze eventmanagers rijden heel Nederland door voor jouw bubbelvoetbal event. Naast bubbel voetbal Amsterdam organiseren we ook bubbelvoetbal Rotterdam, bubbel voetbal Utrecht, bubbelvoetbal Den Haag en bubble voetbal in elke andere Nederlandse stad. Onze service strekt zich uit tot Belgi√´ en Duitsland, dus ook internationale bubbelvoetbal events zijn mogelijk. We hebben zowel indoor als outdoor mogelijkheden voor bubble voetbal, dus ongeacht het weer kan jouw bubbelvoetbal event altijd doorgaan. Bubbel voetbal indoor is perfect voor sportcentra, bedrijfspanden en evenementenhallen, terwijl bubbelvoetbal outdoor ideaal is voor parken, voetbalvelden en festivals. Of je nu op zoek bent naar bubbelvoetbal huren in Amsterdam, Rotterdam, Utrecht of een klein dorpje - wij komen naar jou toe met professionele service en hoogwaardige bubbel voetbal materialen.",bubbelvoetbal-nederland-kaart.jpg,Bubbelvoetbal voor kinderfeestjes - veilig en leuk,"Een bubbelbal kinderfeestje is gegarandeerd een hit bij kinderen van alle leeftijden! Kinderfeestje bubbelvoetbal wordt door onze ervaren begeleiders speciaal aangepast voor kinderen, met extra aandacht voor veiligheid en maximaal spelplezier. De bubbel voetbal ballen zijn er in verschillende maten, zodat ook de allerkleinste kinderen veilig kunnen spelen tijdens hun bubbel voetbal kinderfeestje. We zorgen ervoor dat ook de niet-voetballers een fantastische tijd hebben tijdens het bubbelbal kinderfeestje. Met kinderfeestje bubbelvoetbal kunnen kinderen ook verschillende spellen doen zonder bal, zoals bubble tikkertje en het hilarische overloopspel ""Schipper mag ik overvaren"". Onze kindvriendelijke begeleiders zorgen ervoor dat alle kinderen zich vermaken, veilig spelen en iedereen meedoet tijdens het bubbelvoetbal kinderfeestje. Bubbel voetbal voor kinderen stimuleert teamwork, beweging en sociale vaardigheden op een speelse manier. Een bubbelbal kinderfeestje is de perfecte manier om je kind een onvergetelijke verjaardag te bezorgen met veel actie, gelach en nieuwe vriendschappen.",bubbelvoetbal-kinderfeestje.jpg,Bubbelvoetbal als teamuitje en teambuilding,"Bubbelvoetbal huren is de perfecte teambuilding activiteit voor bedrijven die op zoek zijn naar een origineel en effectief bedrijfsuitje. Bubble voetbal huren combineert teamwork, communicatie en samenwerking op een unieke en speelse manier die collegas dichter bij elkaar brengt. Tijdens deze intensieve bubbelvoetbal teambuilding activiteit wordt er niet alleen gelachen, maar werk je ook intensief samen met je teamgenoten om doelen te bereiken. Met bubbelvoetbal als teamuitje ervaar je letterlijk en figuurlijk hoe het is om elkaar te ondersteunen, vertrouwen op te bouwen en samen successen te vieren. Het mooie van bubbel voetbal teambuilding is dat zodra iedereen in een bubbelbal zit, je direct een ontspannen en speelse sfeer krijgt die hi√´rarchie doorbreekt. Bubbelvoetbal voor bedrijven doorbreekt dagelijkse werkstructuren, cre√´ert sterke onderlinge banden en stimuleert creativiteit en out-of-the-box denken. Deelnemers ontspannen zich volledig terwijl ze samenwerken aan het winnen van de wedstrijd, wat resulteert in verbeterde werkrelaties en verhoogde productiviteit na het event. Bubble voetbal als bedrijfsuitje is geschikt voor teams van alle groottes en zorgt voor blijvende positieve herinneringen.",bubbelvoetbal-teambuilding.jpg,Voor welke gelegenheden is bubbel voetbal een goede activiteit?,"Bubbel voetbal is een erg leuke activiteit voor gelegenheden zoals kinderfeestjes, bedrijfsfeestjes, teambuilding, schoolactiviteiten en vriendendagen. Het is geschikt voor alle leeftijden en fitness niveaus. Door de beschermende bubbelbal kunnen deelnemers veilig botsen en rollen, wat zorgt voor veel lol en samenwerking.",Waar kan ik bubbelvoetbal huren in Nederland?,"Wij verzorgen bubbelvoetbal activiteiten door heel Nederland, Belgi√´ en Duitsland. Van Amsterdam tot Rotterdam en Utrecht, maar ook in kleinere steden en dorpen. Bel ons op +31 (0) 20 808 8670 om bubbelvoetbal te huren op jouw gewenste locatie. We komen naar jou toe!",Is bubbelbal geschikt voor alle leeftijden?,"Ja, bubbelvoetbal is geschikt voor jong en oud √©n voor zowel mannen als vrouwen. We hebben bubbelballen in verschillende maten voor optimale veiligheid en spelplezier. Voor kinderfeestjes passen we het spel speciaal aan met extra aandacht voor veiligheid en aangepaste begeleiding.",Wat kost het om bubbelvoetbal te huren?,"We hebben twee pakketten: Bubbelvoetbal Standaard (‚Ç¨349 excl. BTW) voor 10-20 personen en Bubbelvoetbal Begeleid (‚Ç¨499 excl. BTW) voor 20-40 personen, beide inclusief 2 uur speeltijd, professioneel materiaal, op- en afbouw en uitlegkaarten. Bij het begeleide pakket krijg je ook professionele spelbegeleiding.",Kan bubbelvoetbal binnen en buiten gespeeld worden?,"Ja, bubbelvoetbal kan zowel indoor als outdoor gespeeld worden. We passen ons aan jouw locatie en weersomstandigheden aan, zodat het event altijd door kan gaan. Of je nu een sporthal, bedrijfspand of buitenlocatie hebt - wij zorgen voor de perfecte setup.",LED voetbal,Lasergamen,Skillgames,6
14,ACTIEF,LED Voetbal,led-voetbal,LED Voetbal Toernooi Organiseren | WePlay United,LED voetbal toernooi organiseren voor jouw voetbalclub? ‚úì Volledig verzorgd ‚úì Heel Nederland ‚úì Vanaf ‚Ç¨599. Vraag vrijblijvend offerte aan!,‚öΩ,LED voetbal toernooi organiseren,led-voetbal-hero-video.mp4,Spectaculair voetballen in het donker,"Led voetbal is een leuke aanvulling op het activiteitenaanbod van voetbalclubs. Door het combineren van klassieke voetbalregels met verlichte elementen, zoals led verlichte velden, doelen en ballen, ontstaat een onvergetelijke ervaring voor zowel spelers als toeschouwers. Dit alles zorgt voor een visueel spektakel en een geheel nieuwe dimensie aan jullie clubactiviteiten.",LED voetbal toernooi organiseren,"Led voetbal is een leuke aanvulling op het activiteitenaanbod van voetbalclubs. Door het combineren van klassieke voetbalregels met verlichte elementen, zoals led verlichte velden, doelen en ballen, ontstaat een onvergetelijke ervaring voor zowel spelers als toeschouwers. Dit alles zorgt voor een visueel spektakel en een geheel nieuwe dimensie aan jullie clubactiviteiten.",https://drive.google.com/file/d/1T7_mVf6N4tIKRFnl3NDmErJaJzwsluoC/view?usp=sharing,LED voetbal toernooi met verlichte velden en spelers in lichtgevende hesjes,Wat is LED voetbal?,"Led voetbal wordt gespeeld in het donker op velden waarvan de lijnen en doelen licht geven door led verlichting. Spelers dragen lichtgevende hesjes in twee verschillende kleuren om het onderscheid in teams te maken en zelfs de voetbal geeft licht. Dit alles zorgt voor een visueel spektakel en een geheel nieuwe dimensie. Voor led voetbal is een geschikte locatie en professioneel materiaal nodig. Wij helpen bij de organisatie, inclusief het leveren van het materiaal en de op- en afbouw.",https://drive.google.com/file/d/1QUG5VjM3HOhCn-u-RcC-giM306cYglkV/view?usp=sharing,LED voetbal veld met verlichte lijnen en doelen in het donker,92,90,91,87,LED voetbal huren bij WePlayUnited,"LED voetbal huren bij WePlayUnited biedt voetbalclubs verschillende mogelijkheden om een spektakulair lichtgevend voetbal toernooi te organiseren. Of je nu led voetbal materiaal wilt huren of kiest voor volledige begeleiding van het led voetbal evenement, wij zorgen voor een professionele organisatie van A tot Z. Onze led voetbal verhuur service omvat hoogwaardige verlichte velden, lichtgevende ballen en hesjes, plus ervaren eventmanagers die de volledige op- en afbouw verzorgen. Voor voetbalverenigingen die op zoek zijn naar een unieke clubactiviteit, biedt led voetbal de perfecte combinatie van sport en entertainment. Wil je het led voetbal toernooi organiseren op het eigen voetbalveld of zoek je een indoor locatie? Onze flexibele aanpak maakt beide opties mogelijk. Met jarenlange ervaring in het organiseren van led voetbal events door heel Nederland, Belgi√´ en Duitsland, weten we als geen ander hoe we van jouw voetbal evenement een onvergetelijke ervaring maken voor alle deelnemers.",https://drive.google.com/file/d/1ocrXWozp_NuUKd148exsOOkhrJq5U0M8/view?usp=sharing,Pakketten en prijzen voor LED voetbal,"LED voetbal prijzen en pakketten zijn bij WePlayUnited transparant en afgestemd op verschillende groepsgroottes van voetbalclubs. Onze led voetbal verhuur pakketten omvatten altijd professioneel lichtgevend voetbal materiaal, volledige op- en afbouw door ervaren eventmanagers, en een PR-kit voor promotie binnen je voetbalvereniging. Voor kleinere voetbalteams bieden we het LED voetbal standaard pakket: 3 uur speeltijd voor 12-56 deelnemers met 2 verlichte velden van 25x40 meter voor ‚Ç¨599 excl. BTW. Grotere voetbalclubs kunnen kiezen voor ons LED voetbal uitgebreid pakket: 3 uur spelen voor 56-112 deelnemers met 4 verlichte voetbalvelden voor ‚Ç¨899 excl. BTW. Het meest complete LED voetbal begeleid pakket (‚Ç¨999 excl. BTW) includeert professionele toernooibegeleiding, teamindeling en speelschema's. Alle led voetbal kosten zijn inclusief transport, opbouw en materiaalverzekering. Door onze scherpe led voetbal tarieven kunnen voetbalverenigingen van elke grootte genieten van deze spectaculaire voetbal ervaring zonder budgetoverschrijding.",led-voetbal-pakketten-prijzen.jpg,LED voetbal organiseren in jouw regio,"LED voetbal organiseren door heel Nederland is de specialiteit van WePlayUnited. Onze lichtgevend voetbal events vinden plaats in grote steden zoals Amsterdam, Rotterdam, Utrecht, Den Haag, Eindhoven en Groningen, maar ook in kleinere gemeenten en voetbaldorpen door het hele land. Voor voetbalclubs in Noord-Holland, Zuid-Holland, Noord-Brabant, Gelderland en alle andere provincies bieden we lokale led voetbal organisatie met korte reistijden. Of je voetbalvereniging nu een outdoor led voetbal toernooi wil op het eigen clubveld, of een indoor led voetbal evenement in een sporthal - wij maken het mogelijk. Onze mobile led voetbal opstelling is geschikt voor verschillende ondergronden: natuurgras, kunstgras, sportvloeren en zelfs asfalt. Door onze landelijke dekking kunnen voetbalclubs overal in Nederland genieten van professioneel georganiseerde led voetbal activiteiten. Van Friesland tot Limburg, van de Randstad tot de Achterhoek - WePlayUnited brengt spectaculaire lichtgevende voetbal ervaringen naar jouw regio.",led-voetbal-nederland-kaart.jpg,LED voetbal als teamuitje organiseren,"LED voetbal teamuitje organiseren is de perfecte keuze voor voetbalclubs die hun leden een onvergetelijke voetbal ervaring willen bieden. Als teambuilding activiteit combineert led voetbal de bekende voetbal passie van clubleden met een spectaculaire nieuwe dimensie door lichtgevende elementen. Voor voetbalverenigingen is dit een ideaal clubuitje omdat alle deelnemers al van voetballen houden - het risico op tegenvallende opkomst is daardoor minimaal. Een led voetbal teamactiviteit kan worden georganiseerd op verschillende momenten: als seizoensafsluiting, nieuwjaarsborrel, jubileumfeest of gewoon als gezellige clubavond. WePlayUnited organiseert led voetbal teamuitjes op elke gewenste locatie, inclusief het eigen voetbalcomplex van je vereniging. Dit scheelt reiskosten en zorgt voor een vertrouwde omgeving. Onze flexibele led voetbal arrangementen passen zich aan de grootte van jouw voetbalclub aan, van kleine teams tot grote verenigingen met honderden leden. Door professionele begeleiding wordt elk led voetbal teamuitje een succes die clubleden nog lang zullen herinneren.",led-voetbal-teamuitje-club.jpg,LED voetbal boeken bij WePlayUnited,"LED voetbal boeken bij WePlayUnited is eenvoudig en snel geregeld voor elke voetbalclub in Nederland. Door onze jarenlange ervaring met het organiseren van honderden lichtgevende voetbal events weten we precies hoe we van jouw led voetbal activiteit een groot succes maken. Het aanvragen van een led voetbal offerte is volledig vrijblijvend en binnen 1 werkdag ontvang je een gedetailleerd voorstel met alle kosten en mogelijkheden. Onze led voetbal reservering service is flexibel: boek je led voetbal toernooi voor overdag, 's avonds of in het weekend - wij passen ons aan jouw clubplanning aan. Voor spoedeisende led voetbal boekingen hebben we vaak nog beschikbaarheid binnen enkele weken. Bij het reserveren van led voetbal krijg je altijd een persoonlijke eventmanager toegewezen die jouw voetbalclub begeleidt van eerste contact tot succesvolle afronding. Contact opnemen voor led voetbal verhuur kan via meerdere kanalen: bel direct naar +31 20 808 8670, mail naar wesley@weplayunited.com of gebruik het contactformulier op onze website. Ons reactieve team staat bekend om snelle en professionele communicatie bij alle led voetbal aanvragen.",led-voetbal-boeken-contact.jpg,Wat is LED voetbal?,"LED voetbal, ook wel bekend als lichtgevend voetbal, is een innovatieve twist op het traditionele voetbalspel. Deze speciale voetballen zijn uitgerust met lichtgevende technologie, waardoor je zelfs in het donker kunt spelen.",Waarom zou ik LED voetbal willen spelen?,"LED voetbal brengt een unieke, opwindende dimensie naar je voetbalervaring. Het is perfect voor degenen die op zoek zijn naar een spannend avondspel dat de competitie en het plezier verhoogt.",Hoe organiseer ik een LED voetbal evenement?,"Heel makkelijk: bel ons. üòâ Wij zorgen voor alle spullen, toernooibegeleiding en een onvergetelijke avond. WePlayUnited verzorgt de volledige organisatie van A tot Z.",Is LED voetbal geschikt voor alle leeftijden?,"Zeker! LED voetbal is ontworpen om door mensen van alle leeftijden gespeeld te worden. Of je nu jong of oud bent, de gloeiende bal zorgt voor plezier en opwinding voor alle leden van je voetbalclub.",Wat maakt LED voetbal zo uniek?,"LED voetbal is uniek vanwege de combinatie van sport en licht. Het zorgt voor een spannende, magische sfeer die zowel spelers als toeschouwers betovert. Het is de perfecte manier om je voetbalavonden op te fleuren.",FIFA Toernooi,Bubbelvoetbal,Lasergamen,3
15,ACTIEF,Spellen,actieve-spellen-huren,,,üé≤,,,,,,,,,,,,,92,90,91,87,,,,,,,,,,,,,,,,,,,,,,,,,,,,,12